{
  "bayesian_ridge": {
    "mse": 51.51478914683011,
    "rmse": 7.1773803819241815,
    "mae": 4.81028202604071,
    "r2": 0.9999653914936947
  },
  "gradient_boosting": {
    "mse": 15637900.34406182,
    "rmse": 3954.478517334722,
    "mae": 3762.5086799449286,
    "r2": -9.50580583989246
  },
  "random_forest": {
    "mse": 15211845.824041514,
    "rmse": 3900.2366369287793,
    "mae": 3706.2640788865297,
    "r2": -9.219575210072543
  },
  "adaboost": {
    "mse": 23044195.884452574,
    "rmse": 4800.437051399859,
    "mae": 4642.811119302875,
    "r2": -14.481480401583417
  },
  "xgboost": {
    "mse": 17227493.69913157,
    "rmse": 4150.601606891652,
    "mae": 3966.8146415546134,
    "r2": -10.573721530958204
  }
}