{
  "bayesian_ridge": {
    "mse": 51.51478915437286,
    "rmse": 7.177380382449635,
    "mae": 4.81028202737016,
    "r2": 0.9999653914936896
  },
  "gradient_boosting": {
    "mse": 15553600.14535099,
    "rmse": 3943.8052874541095,
    "mae": 3751.497821749658,
    "r2": -9.449171541141693
  },
  "random_forest": {
    "mse": 15218735.09219361,
    "rmse": 3901.119722873628,
    "mae": 3707.1967923026573,
    "r2": -9.224203536893436
  },
  "adaboost": {
    "mse": 23247908.587858293,
    "rmse": 4821.608506282762,
    "mae": 4664.698038772513,
    "r2": -14.618338039886039
  },
  "xgboost": {
    "mse": 17227493.69913157,
    "rmse": 4150.601606891652,
    "mae": 3966.8146415546134,
    "r2": -10.573721530958204
  },
  "neural_network": {
    "mse": 1389301.8364100428,
    "rmse": 1178.6864877523806,
    "mae": 746.6020911996632,
    "r2": 0.06664353748280627
  }
}